{"cameraMode":{"drawMode":0,"name":"Shaded","section":"Shading Mode"},"sceneLighting":true,"audioPlay":false,"sceneViewState":{"m_AlwaysRefresh":false,"showFog":true,"showSkybox":true,"showFlares":true,"showImageEffects":true,"showParticleSystems":true,"showVisualEffectGraphs":true,"m_FxEnabled":true},"in2DMode":false,"pivot":{"x":-22.910266876220704,"y":-2.7314465045928957,"z":12.476773262023926},"rotation":{"x":0.1861548125743866,"y":0.3471769690513611,"z":-0.07053137570619583,"w":0.9164632558822632},"size":20.764537811279298,"orthographic":false}