{"cameraMode":{"drawMode":0,"name":"Shaded","section":"Shading Mode"},"sceneLighting":true,"audioPlay":false,"sceneViewState":{"m_AlwaysRefresh":false,"showFog":true,"showSkybox":true,"showFlares":true,"showImageEffects":true,"showParticleSystems":true,"showVisualEffectGraphs":true,"m_FxEnabled":true},"in2DMode":false,"pivot":{"x":0.38286277651786806,"y":1.7057067155838013,"z":-9.234350204467774},"rotation":{"x":0.08330140262842179,"y":0.011080093681812287,"z":-0.0009278462384827435,"w":0.9964940547943115},"size":5.023073673248291,"orthographic":false}